id,parentId,name,lastName,position,image,email,phone_number,hire_date,job_id,salary,commission_pct,department_id,job_min_salary,location_state,job_max_salary,department_name,department_location_id,department_location_street_address,department_location_postal_code,department_location_country_id,department_location_country_name,department_location_country_region_id,department_location_country_region_name
100,,Stewart,Longhorn,Honorable,https://vimeo.com/ipsum/primis/in/faucibus/orci/luctus/et.aspx?eget=in&tempus=purus&vel=eu&pede=magna&morbi=vulputate&porttitor=luctus&lorem=cum&id=sociis&ligula=natoque&suspendisse=penatibus&ornare=et&consequat=magnis&lectus=dis&in=parturient&est=montes&risus=nascetur&auctor=ridiculus&sed=mus&tristique=vivamus&in=vestibulum&tempus=sagittis&sit=sapien&amet=cum&sem=sociis&fusce=natoque&consequat=penatibus,slonghorn0@quantcast.com,332-283-9164,2003-07-16T00:00:00Z,AD_PRES,24000,,90,20080,Lisboa,40000,Executive,1700,00 Anniversary Terrace,2755-123,US,United States of America,2,Americas
101,100,Delmore,Thams,Mrs,https://businessweek.com/at/lorem/integer/tincidunt/ante.aspx?at=pede&velit=justo&vivamus=lacinia&vel=eget&nulla=tincidunt&eget=eget&eros=tempus&elementum=vel&pellentesque=pede&quisque=morbi,dthams1@cornell.edu,651-924-0322,2003-07-16T00:00:00Z,AD_PRES,24000,,90,20080,,40000,Executive,1700,970 Meadow Ridge Pass,8416,US,United States of America,2,Americas
102,100,Brok,Scading,Mr,http://cyberchimps.com/augue/aliquam/erat/volutpat/in/congue/etiam.json?mauris=sagittis&non=sapien&ligula=cum&pellentesque=sociis&ultrices=natoque&phasellus=penatibus&id=et&sapien=magnis&in=dis&sapien=parturient&iaculis=montes&congue=nascetur&vivamus=ridiculus&metus=mus&arcu=etiam&adipiscing=vel&molestie=augue&hendrerit=vestibulum&at=rutrum&vulputate=rutrum&vitae=neque&nisl=aenean&aenean=auctor&lectus=gravida&pellentesque=sem&eget=praesent&nunc=id&donec=massa&quis=id&orci=nisl&eget=venenatis&orci=lacinia&vehicula=aenean&condimentum=sit&curabitur=amet&in=justo&libero=morbi&ut=ut&massa=odio&volutpat=cras&convallis=mi&morbi=pede&odio=malesuada,bscading2@people.com.cn,979-373-9299,2003-07-16T00:00:00Z,AD_PRES,24000,,90,20080,,40000,Executive,1700,304 Hollow Ridge Parkway,,US,United States of America,2,Americas
103,100,Karrie,Monni,Rev,http://dropbox.com/erat.png?ultrices=sapien&posuere=dignissim&cubilia=vestibulum&curae=vestibulum&mauris=ante&viverra=ipsum&diam=primis&vitae=in&quam=faucibus&suspendisse=orci&potenti=luctus&nullam=et&porttitor=ultrices&lacus=posuere&at=cubilia&turpis=curae&donec=nulla&posuere=dapibus&metus=dolor&vitae=vel&ipsum=est&aliquam=donec&non=odio&mauris=justo&morbi=sollicitudin&non=ut&lectus=suscipit&aliquam=a&sit=feugiat&amet=et&diam=eros&in=vestibulum&magna=ac&bibendum=est&imperdiet=lacinia&nullam=nisi&orci=venenatis&pede=tristique&venenatis=fusce&non=congue&sodales=diam&sed=id&tincidunt=ornare&eu=imperdiet&felis=sapien&fusce=urna&posuere=pretium&felis=nisl&sed=ut&lacus=volutpat&morbi=sapien&sem=arcu&mauris=sed&laoreet=augue&ut=aliquam&rhoncus=erat&aliquet=volutpat&pulvinar=in&sed=congue&nisl=etiam&nunc=justo&rhoncus=etiam&dui=pretium&vel=iaculis&sem=justo&sed=in&sagittis=hac&nam=habitasse&congue=platea&risus=dictumst&semper=etiam&porta=faucibus&volutpat=cursus&quam=urna&pede=ut&lobortis=tellus,kmonni3@bigcartel.com,272-547-7258,2003-07-16T00:00:00Z,AD_PRES,24000,,90,20080,,40000,Executive,1700,44 Cody Circle,,US,United States of America,2,Americas
104,100,Dene,Cafferky,Mr,http://alexa.com/ut/erat/curabitur.xml?in=phasellus&purus=sit&eu=amet&magna=erat&vulputate=nulla&luctus=tempus&cum=vivamus&sociis=in&natoque=felis&penatibus=eu&et=sapien&magnis=cursus&dis=vestibulum&parturient=proin&montes=eu&nascetur=mi&ridiculus=nulla&mus=ac&vivamus=enim&vestibulum=in&sagittis=tempor&sapien=turpis&cum=nec,dcafferky4@slate.com,811-208-9452,2003-07-16T00:00:00Z,AD_PRES,24000,,90,20080,,40000,Executive,1700,46 Corscot Terrace,,US,United States of America,2,Americas
105,100,Sancho,Barfield,Rev,http://dyndns.org/nulla/tempus/vivamus/in/felis.png?ut=tincidunt&at=in&dolor=leo&quis=maecenas&odio=pulvinar&consequat=lobortis&varius=est&integer=phasellus&ac=sit&leo=amet&pellentesque=erat&ultrices=nulla&mattis=tempus&odio=vivamus&donec=in&vitae=felis&nisi=eu&nam=sapien&ultrices=cursus&libero=vestibulum&non=proin&mattis=eu&pulvinar=mi&nulla=nulla&pede=ac&ullamcorper=enim&augue=in&a=tempor&suscipit=turpis&nulla=nec&elit=euismod&ac=scelerisque&nulla=quam&sed=turpis&vel=adipiscing&enim=lorem&sit=vitae&amet=mattis&nunc=nibh&viverra=ligula&dapibus=nec&nulla=sem&suscipit=duis&ligula=aliquam&in=convallis&lacus=nunc&curabitur=proin&at=at&ipsum=turpis&ac=a&tellus=pede&semper=posuere&interdum=nonummy&mauris=integer&ullamcorper=non&purus=velit&sit=donec&amet=diam&nulla=neque&quisque=vestibulum&arcu=eget&libero=vulputate&rutrum=ut&ac=ultrices&lobortis=vel&vel=augue&dapibus=vestibulum,sbarfield5@eventbrite.com,876-505-3568,2003-07-16T00:00:00Z,AD_PRES,24000,,90,20080,,40000,Executive,1700,826 Northview Court,,US,United States of America,2,Americas
106,100,Tobin,Yanele,Rev,http://angelfire.com/odio/elementum/eu/interdum/eu/tincidunt.js?gravida=turpis&nisi=elementum&at=ligula&nibh=vehicula&in=consequat&hac=morbi&habitasse=a&platea=ipsum&dictumst=integer,tyanele6@wufoo.com,336-865-3131,2003-07-16T00:00:00Z,AD_PRES,24000,,90,20080,,40000,Executive,1700,07 South Point,96970,US,United States of America,2,Americas
107,101,Anselma,Rowes,Honorable,https://sun.com/aliquam/quis/turpis/eget/elit.jsp?amet=quam&lobortis=sollicitudin&sapien=vitae&sapien=consectetuer&non=eget&mi=rutrum&integer=at&ac=lorem&neque=integer&duis=tincidunt&bibendum=ante&morbi=vel&non=ipsum&quam=praesent&nec=blandit&dui=lacinia&luctus=erat&rutrum=vestibulum&nulla=sed&tellus=magna&in=at&sagittis=nunc&dui=commodo&vel=placerat&nisl=praesent&duis=blandit&ac=nam&nibh=nulla&fusce=integer&lacus=pede&purus=justo&aliquet=lacinia&at=eget&feugiat=tincidunt&non=eget&pretium=tempus&quis=vel&lectus=pede&suspendisse=morbi&potenti=porttitor&in=lorem&eleifend=id&quam=ligula&a=suspendisse&odio=ornare&in=consequat&hac=lectus&habitasse=in&platea=est&dictumst=risus&maecenas=auctor&ut=sed&massa=tristique&quis=in&augue=tempus&luctus=sit&tincidunt=amet&nulla=sem&mollis=fusce&molestie=consequat&lorem=nulla&quisque=nisl&ut=nunc&erat=nisl&curabitur=duis&gravida=bibendum&nisi=felis,arowes7@oaic.gov.au,185-522-9341,2003-07-16T00:00:00Z,AD_PRES,24000,,90,20080,,40000,Executive,1700,930 Dexter Drive,,US,United States of America,2,Americas
108,101,Lory,Edington,Rev,https://jugem.jp/est/donec.json?vel=porta&pede=volutpat&morbi=quam&porttitor=pede&lorem=lobortis&id=ligula&ligula=sit&suspendisse=amet&ornare=eleifend&consequat=pede&lectus=libero&in=quis&est=orci&risus=nullam&auctor=molestie&sed=nibh&tristique=in&in=lectus&tempus=pellentesque&sit=at&amet=nulla&sem=suspendisse&fusce=potenti&consequat=cras&nulla=in&nisl=purus&nunc=eu&nisl=magna&duis=vulputate&bibendum=luctus&felis=cum&sed=sociis&interdum=natoque&venenatis=penatibus&turpis=et&enim=magnis&blandit=dis&mi=parturient&in=montes&porttitor=nascetur&pede=ridiculus&justo=mus&eu=vivamus&massa=vestibulum&donec=sagittis&dapibus=sapien&duis=cum&at=sociis&velit=natoque&eu=penatibus&est=et&congue=magnis&elementum=dis&in=parturient&hac=montes&habitasse=nascetur&platea=ridiculus&dictumst=mus&morbi=etiam&vestibulum=vel&velit=augue&id=vestibulum&pretium=rutrum&iaculis=rutrum&diam=neque&erat=aenean&fermentum=auctor&justo=gravida&nec=sem&condimentum=praesent&neque=id&sapien=massa&placerat=id&ante=nisl&nulla=venenatis&justo=lacinia&aliquam=aenean&quis=sit&turpis=amet&eget=justo&elit=morbi&sodales=ut&scelerisque=odio&mauris=cras&sit=mi&amet=pede&eros=malesuada&suspendisse=in&accumsan=imperdiet&tortor=et&quis=commodo&turpis=vulputate&sed=justo&ante=in,ledington8@amazon.co.uk,913-277-5496,2003-07-16T00:00:00Z,AD_PRES,24000,,90,20080,,40000,Executive,1700,14 Utah Junction,,US,United States of America,2,Americas
109,101,Darill,Goode,Ms,https://umn.edu/quis/orci/eget/orci.png?mi=suspendisse&integer=accumsan&ac=tortor&neque=quis&duis=turpis&bibendum=sed&morbi=ante&non=vivamus&quam=tortor&nec=duis&dui=mattis&luctus=egestas&rutrum=metus&nulla=aenean&tellus=fermentum&in=donec&sagittis=ut&dui=mauris&vel=eget&nisl=massa&duis=tempor&ac=convallis&nibh=nulla&fusce=neque&lacus=libero&purus=convallis&aliquet=eget&at=eleifend&feugiat=luctus&non=ultricies&pretium=eu&quis=nibh&lectus=quisque&suspendisse=id&potenti=justo&in=sit&eleifend=amet&quam=sapien&a=dignissim&odio=vestibulum&in=vestibulum&hac=ante&habitasse=ipsum&platea=primis&dictumst=in&maecenas=faucibus&ut=orci&massa=luctus&quis=et&augue=ultrices&luctus=posuere&tincidunt=cubilia&nulla=curae&mollis=nulla&molestie=dapibus&lorem=dolor&quisque=vel&ut=est&erat=donec&curabitur=odio&gravida=justo&nisi=sollicitudin&at=ut&nibh=suscipit&in=a&hac=feugiat,dgoode9@t.co,938-677-6607,2003-07-16T00:00:00Z,AD_PRES,24000,,90,20080,,40000,Executive,1700,392 Jana Avenue,,US,United States of America,2,Americas
110,101,Anestassia,Gretton,Mrs,https://posterous.com/vitae.jsp?mi=diam&in=vitae&porttitor=quam&pede=suspendisse&justo=potenti&eu=nullam&massa=porttitor&donec=lacus&dapibus=at&duis=turpis&at=donec&velit=posuere&eu=metus&est=vitae&congue=ipsum&elementum=aliquam&in=non&hac=mauris&habitasse=morbi&platea=non&dictumst=lectus&morbi=aliquam&vestibulum=sit&velit=amet&id=diam&pretium=in&iaculis=magna&diam=bibendum&erat=imperdiet&fermentum=nullam&justo=orci&nec=pede&condimentum=venenatis&neque=non&sapien=sodales&placerat=sed&ante=tincidunt&nulla=eu&justo=felis&aliquam=fusce&quis=posuere&turpis=felis&eget=sed&elit=lacus&sodales=morbi&scelerisque=sem&mauris=mauris&sit=laoreet&amet=ut&eros=rhoncus&suspendisse=aliquet&accumsan=pulvinar&tortor=sed&quis=nisl&turpis=nunc&sed=rhoncus&ante=dui&vivamus=vel&tortor=sem&duis=sed&mattis=sagittis&egestas=nam&metus=congue&aenean=risus&fermentum=semper&donec=porta&ut=volutpat&mauris=quam&eget=pede&massa=lobortis&tempor=ligula&convallis=sit&nulla=amet&neque=eleifend&libero=pede&convallis=libero,agrettona@scientificamerican.com,163-453-3671,2003-07-16T00:00:00Z,AD_PRES,24000,,90,20080,,40000,Executive,1700,102 Lakeland Circle,,US,United States of America,2,Americas
111,101,Elyn,Scouse,Honorable,https://behance.net/curae/nulla/dapibus/dolor/vel.png?imperdiet=quisque&sapien=ut&urna=erat&pretium=curabitur&nisl=gravida&ut=nisi&volutpat=at&sapien=nibh&arcu=in&sed=hac&augue=habitasse&aliquam=platea&erat=dictumst&volutpat=aliquam&in=augue&congue=quam&etiam=sollicitudin&justo=vitae&etiam=consectetuer&pretium=eget&iaculis=rutrum&justo=at&in=lorem&hac=integer&habitasse=tincidunt&platea=ante&dictumst=vel&etiam=ipsum&faucibus=praesent&cursus=blandit&urna=lacinia&ut=erat&tellus=vestibulum&nulla=sed&ut=magna&erat=at&id=nunc&mauris=commodo&vulputate=placerat&elementum=praesent&nullam=blandit&varius=nam&nulla=nulla&facilisi=integer&cras=pede&non=justo&velit=lacinia&nec=eget&nisi=tincidunt&vulputate=eget&nonummy=tempus&maecenas=vel&tincidunt=pede&lacus=morbi&at=porttitor&velit=lorem&vivamus=id&vel=ligula&nulla=suspendisse&eget=ornare&eros=consequat&elementum=lectus&pellentesque=in&quisque=est&porta=risus&volutpat=auctor&erat=sed&quisque=tristique&erat=in&eros=tempus&viverra=sit&eget=amet&congue=sem&eget=fusce&semper=consequat&rutrum=nulla&nulla=nisl&nunc=nunc&purus=nisl&phasellus=duis&in=bibendum&felis=felis&donec=sed&semper=interdum&sapien=venenatis&a=turpis&libero=enim&nam=blandit&dui=mi&proin=in&leo=porttitor&odio=pede&porttitor=justo&id=eu&consequat=massa&in=donec&consequat=dapibus&ut=duis,escouseb@harvard.edu,336-116-3168,2003-07-16T00:00:00Z,AD_PRES,24000,,90,20080,,40000,Executive,1700,53943 Village Green Pass,63-620,US,United States of America,2,Americas
112,101,Camile,Enstone,Dr,https://sfgate.com/mollis/molestie/lorem.json?amet=proin&nunc=at&viverra=turpis&dapibus=a&nulla=pede&suscipit=posuere&ligula=nonummy&in=integer&lacus=non&curabitur=velit&at=donec&ipsum=diam&ac=neque&tellus=vestibulum&semper=eget&interdum=vulputate&mauris=ut&ullamcorper=ultrices&purus=vel&sit=augue&amet=vestibulum&nulla=ante&quisque=ipsum&arcu=primis&libero=in&rutrum=faucibus&ac=orci&lobortis=luctus&vel=et&dapibus=ultrices&at=posuere,censtonec@seesaa.net,292-125-0154,2003-07-16T00:00:00Z,AD_PRES,24000,,90,20080,,40000,Executive,1700,2 Fisk Terrace,386338,US,United States of America,2,Americas
113,101,Bastian,Edgeller,Rev,http://360.cn/primis/in/faucibus.xml?eget=aenean&vulputate=lectus&ut=pellentesque&ultrices=eget&vel=nunc&augue=donec&vestibulum=quis&ante=orci&ipsum=eget&primis=orci&in=vehicula&faucibus=condimentum&orci=curabitur&luctus=in&et=libero&ultrices=ut&posuere=massa&cubilia=volutpat&curae=convallis&donec=morbi&pharetra=odio&magna=odio&vestibulum=elementum&aliquet=eu&ultrices=interdum&erat=eu&tortor=tincidunt&sollicitudin=in&mi=leo&sit=maecenas&amet=pulvinar&lobortis=lobortis&sapien=est&sapien=phasellus&non=sit&mi=amet&integer=erat&ac=nulla&neque=tempus&duis=vivamus&bibendum=in&morbi=felis&non=eu&quam=sapien&nec=cursus&dui=vestibulum&luctus=proin&rutrum=eu&nulla=mi&tellus=nulla&in=ac&sagittis=enim&dui=in&vel=tempor&nisl=turpis&duis=nec&ac=euismod&nibh=scelerisque&fusce=quam&lacus=turpis&purus=adipiscing&aliquet=lorem&at=vitae&feugiat=mattis&non=nibh&pretium=ligula&quis=nec&lectus=sem&suspendisse=duis&potenti=aliquam&in=convallis&eleifend=nunc&quam=proin&a=at&odio=turpis&in=a&hac=pede,bedgellerd@sfgate.com,211-679-2233,2003-07-16T00:00:00Z,AD_PRES,24000,,90,20080,,40000,Executive,1700,24 East Junction,,US,United States of America,2,Americas
114,101,Ikey,Gilfoyle,Dr,https://hexun.com/lorem/integer.xml?in=orci&libero=luctus&ut=et,igilfoylee@amazonaws.com,601-279-8174,2003-07-16T00:00:00Z,AD_PRES,24000,,90,20080,,40000,Executive,1700,73 Meadow Valley Way,,US,United States of America,2,Americas
115,101,Gertie,Dibb,Honorable,https://blog.com/lobortis/est/phasellus/sit/amet/erat.html?odio=luctus&curabitur=et&convallis=ultrices&duis=posuere&consequat=cubilia&dui=curae&nec=nulla&nisi=dapibus&volutpat=dolor&eleifend=vel&donec=est&ut=donec&dolor=odio&morbi=justo&vel=sollicitudin&lectus=ut&in=suscipit&quam=a,gdibbf@cmu.edu,396-516-7723,2003-07-16T00:00:00Z,AD_PRES,24000,,90,20080,,40000,Executive,1700,3 Bartillon Trail,,US,United States of America,2,Americas
116,101,Aurilia,McTavy,Honorable,http://google.de/luctus/rutrum.json?cum=interdum&sociis=eu&natoque=tincidunt&penatibus=in&et=leo&magnis=maecenas&dis=pulvinar&parturient=lobortis&montes=est&nascetur=phasellus&ridiculus=sit&mus=amet&etiam=erat&vel=nulla&augue=tempus&vestibulum=vivamus&rutrum=in&rutrum=felis&neque=eu&aenean=sapien&auctor=cursus&gravida=vestibulum&sem=proin&praesent=eu&id=mi&massa=nulla&id=ac&nisl=enim&venenatis=in&lacinia=tempor&aenean=turpis&sit=nec&amet=euismod&justo=scelerisque&morbi=quam&ut=turpis&odio=adipiscing&cras=lorem&mi=vitae&pede=mattis&malesuada=nibh&in=ligula&imperdiet=nec&et=sem&commodo=duis&vulputate=aliquam&justo=convallis&in=nunc&blandit=proin&ultrices=at&enim=turpis,amctavyg@sitemeter.com,196-581-8786,2003-07-16T00:00:00Z,AD_PRES,24000,,90,20080,,40000,Executive,1700,1 Shoshone Hill,411 41,US,United States of America,2,Americas
117,101,Kalie,Greatland,Rev,http://deliciousdays.com/in/imperdiet.png?in=volutpat&felis=convallis&eu=morbi&sapien=odio,kgreatlandh@google.com.hk,252-621-0223,2003-07-16T00:00:00Z,AD_PRES,24000,,90,20080,,40000,Executive,1700,3 Warbler Drive,01054,US,United States of America,2,Americas
118,101,Rubi,Dyka,Ms,https://reuters.com/ipsum/aliquam/non/mauris.html?cras=quam&in=a&purus=odio&eu=in&magna=hac&vulputate=habitasse&luctus=platea&cum=dictumst&sociis=maecenas&natoque=ut&penatibus=massa&et=quis&magnis=augue&dis=luctus&parturient=tincidunt&montes=nulla&nascetur=mollis,rdykai@bloglines.com,164-808-1171,2003-07-16T00:00:00Z,AD_PRES,24000,,90,20080,,40000,Executive,1700,2557 Logan Way,460999,US,United States of America,2,Americas
119,101,Robinett,Hellis,Mrs,https://quantcast.com/nullam.jpg?in=tristique&tempus=in&sit=tempus&amet=sit&sem=amet&fusce=sem&consequat=fusce&nulla=consequat&nisl=nulla&nunc=nisl&nisl=nunc&duis=nisl&bibendum=duis&felis=bibendum&sed=felis&interdum=sed&venenatis=interdum&turpis=venenatis&enim=turpis&blandit=enim&mi=blandit&in=mi&porttitor=in&pede=porttitor&justo=pede&eu=justo&massa=eu&donec=massa&dapibus=donec&duis=dapibus&at=duis&velit=at&eu=velit&est=eu&congue=est&elementum=congue&in=elementum&hac=in&habitasse=hac&platea=habitasse&dictumst=platea&morbi=dictumst&vestibulum=morbi&velit=vestibulum&id=velit&pretium=id&iaculis=pretium&diam=iaculis&erat=diam&fermentum=erat&justo=fermentum&nec=justo&condimentum=nec&neque=condimentum&sapien=neque&placerat=sapien&ante=placerat&nulla=ante&justo=nulla&aliquam=justo&quis=aliquam&turpis=quis&eget=turpis&elit=eget,rhellisj@instagram.com,124-214-4263,2003-07-16T00:00:00Z,AD_PRES,24000,,90,20080,,40000,Executive,1700,48699 Green Ridge Park,,US,United States of America,2,Americas
120,101,Coraline,Danick,Dr,https://gravatar.com/faucibus/orci/luctus/et.aspx?odio=vitae,cdanickk@scientificamerican.com,724-769-6602,2003-07-16T00:00:00Z,AD_PRES,24000,,90,20080,,40000,Executive,1700,448 Calypso Plaza,990-2332,US,United States of America,2,Americas
121,101,Gusta,Korfmann,Rev,https://bluehost.com/convallis/nulla/neque/libero/convallis/eget.jpg?adipiscing=et&elit=ultrices&proin=posuere&risus=cubilia&praesent=curae&lectus=donec&vestibulum=pharetra&quam=magna&sapien=vestibulum&varius=aliquet&ut=ultrices&blandit=erat&non=tortor&interdum=sollicitudin&in=mi&ante=sit&vestibulum=amet&ante=lobortis&ipsum=sapien&primis=sapien&in=non&faucibus=mi&orci=integer&luctus=ac&et=neque&ultrices=duis,gkorfmannl@nydailynews.com,995-680-7752,2003-07-16T00:00:00Z,AD_PRES,24000,,90,20080,,40000,Executive,1700,6 Parkside Drive,8418,US,United States of America,2,Americas
122,102,Valentin,Lissandre,Rev,http://epa.gov/natoque/penatibus/et/magnis/dis/parturient/montes.js?etiam=at&justo=vulputate&etiam=vitae&pretium=nisl&iaculis=aenean&justo=lectus&in=pellentesque&hac=eget&habitasse=nunc&platea=donec&dictumst=quis&etiam=orci&faucibus=eget&cursus=orci&urna=vehicula&ut=condimentum&tellus=curabitur&nulla=in&ut=libero&erat=ut&id=massa&mauris=volutpat&vulputate=convallis&elementum=morbi&nullam=odio&varius=odio&nulla=elementum&facilisi=eu&cras=interdum&non=eu&velit=tincidunt&nec=in&nisi=leo,vlissandrem@google.es,710-912-9239,2003-07-16T00:00:00Z,AD_PRES,24000,,90,20080,,40000,Executive,1700,260 Miller Place,15700-000,US,United States of America,2,Americas
123,102,Julius,Bartley,Dr,https://histats.com/consequat/in/consequat/ut/nulla/sed.js?curabitur=diam&at=in,jbartleyn@reuters.com,351-714-7623,2003-07-16T00:00:00Z,AD_PRES,24000,,90,20080,,40000,Executive,1700,2 Old Shore Trail,9410,US,United States of America,2,Americas
124,102,Jaquenetta,Ough,Honorable,http://marketwatch.com/convallis/eget/eleifend.json?at=dignissim&lorem=vestibulum&integer=vestibulum&tincidunt=ante&ante=ipsum&vel=primis&ipsum=in&praesent=faucibus&blandit=orci&lacinia=luctus&erat=et&vestibulum=ultrices&sed=posuere&magna=cubilia&at=curae&nunc=nulla&commodo=dapibus&placerat=dolor&praesent=vel&blandit=est&nam=donec&nulla=odio&integer=justo&pede=sollicitudin&justo=ut&lacinia=suscipit&eget=a&tincidunt=feugiat&eget=et&tempus=eros&vel=vestibulum&pede=ac&morbi=est&porttitor=lacinia&lorem=nisi&id=venenatis&ligula=tristique&suspendisse=fusce&ornare=congue&consequat=diam&lectus=id&in=ornare&est=imperdiet&risus=sapien&auctor=urna&sed=pretium&tristique=nisl&in=ut&tempus=volutpat&sit=sapien&amet=arcu&sem=sed&fusce=augue&consequat=aliquam&nulla=erat&nisl=volutpat&nunc=in&nisl=congue&duis=etiam&bibendum=justo&felis=etiam&sed=pretium&interdum=iaculis&venenatis=justo&turpis=in&enim=hac&blandit=habitasse&mi=platea&in=dictumst&porttitor=etiam&pede=faucibus&justo=cursus&eu=urna&massa=ut&donec=tellus&dapibus=nulla&duis=ut&at=erat&velit=id&eu=mauris&est=vulputate&congue=elementum&elementum=nullam&in=varius&hac=nulla&habitasse=facilisi&platea=cras&dictumst=non&morbi=velit&vestibulum=nec&velit=nisi,jougho@nsw.gov.au,517-939-3526,2003-07-16T00:00:00Z,AD_PRES,24000,,90,20080,,40000,Executive,1700,4 Ohio Pass,,US,United States of America,2,Americas
125,102,Washington,Sturges,Rev,https://amazon.com/ipsum/praesent/blandit/lacinia/erat/vestibulum/sed.html?dapibus=arcu&nulla=adipiscing&suscipit=molestie&ligula=hendrerit&in=at&lacus=vulputate&curabitur=vitae&at=nisl&ipsum=aenean&ac=lectus&tellus=pellentesque&semper=eget&interdum=nunc&mauris=donec&ullamcorper=quis&purus=orci&sit=eget&amet=orci&nulla=vehicula&quisque=condimentum&arcu=curabitur&libero=in&rutrum=libero&ac=ut&lobortis=massa&vel=volutpat&dapibus=convallis&at=morbi&diam=odio,wsturgesp@cocolog-nifty.com,863-411-0946,2003-07-16T00:00:00Z,AD_PRES,24000,,90,20080,,40000,Executive,1700,89591 Sunnyside Hill,939-0751,US,United States of America,2,Americas
126,102,Winslow,Eich,Ms,http://gov.uk/ac/leo/pellentesque/ultrices/mattis.xml?diam=varius&neque=ut&vestibulum=blandit&eget=non&vulputate=interdum&ut=in&ultrices=ante&vel=vestibulum&augue=ante&vestibulum=ipsum&ante=primis&ipsum=in&primis=faucibus&in=orci&faucibus=luctus&orci=et&luctus=ultrices&et=posuere,weichq@berkeley.edu,122-384-2232,2003-07-16T00:00:00Z,AD_PRES,24000,,90,20080,,40000,Executive,1700,9220 Lighthouse Bay Street,,US,United States of America,2,Americas
127,102,Anett,Fuggle,Mrs,http://msu.edu/sed/vestibulum/sit/amet/cursus/id.aspx?condimentum=sollicitudin&curabitur=ut&in=suscipit&libero=a&ut=feugiat&massa=et&volutpat=eros&convallis=vestibulum&morbi=ac&odio=est&odio=lacinia&elementum=nisi&eu=venenatis&interdum=tristique&eu=fusce&tincidunt=congue&in=diam&leo=id&maecenas=ornare&pulvinar=imperdiet&lobortis=sapien&est=urna&phasellus=pretium&sit=nisl&amet=ut&erat=volutpat&nulla=sapien&tempus=arcu&vivamus=sed&in=augue&felis=aliquam&eu=erat&sapien=volutpat&cursus=in&vestibulum=congue&proin=etiam&eu=justo&mi=etiam&nulla=pretium&ac=iaculis&enim=justo&in=in&tempor=hac&turpis=habitasse&nec=platea&euismod=dictumst&scelerisque=etiam&quam=faucibus&turpis=cursus&adipiscing=urna&lorem=ut&vitae=tellus&mattis=nulla&nibh=ut&ligula=erat&nec=id&sem=mauris,afuggler@elegantthemes.com,135-460-7422,2003-07-16T00:00:00Z,AD_PRES,24000,,90,20080,,40000,Executive,1700,211 Luster Circle,,US,United States of America,2,Americas
128,113,Rossy,Comiam,Honorable,http://amazonaws.com/neque/aenean/auctor/gravida/sem/praesent/id.xml?massa=nibh&id=in&nisl=hac&venenatis=habitasse&lacinia=platea&aenean=dictumst&sit=aliquam&amet=augue&justo=quam&morbi=sollicitudin&ut=vitae&odio=consectetuer&cras=eget&mi=rutrum&pede=at&malesuada=lorem&in=integer&imperdiet=tincidunt&et=ante&commodo=vel&vulputate=ipsum&justo=praesent&in=blandit&blandit=lacinia&ultrices=erat&enim=vestibulum&lorem=sed&ipsum=magna&dolor=at&sit=nunc&amet=commodo&consectetuer=placerat&adipiscing=praesent,rcomiams@imgur.com,759-833-6463,2003-07-16T00:00:00Z,AD_PRES,24000,,90,20080,,40000,Executive,1700,39 Menomonie Trail,,US,United States of America,2,Americas
129,113,Albie,Lucian,Dr,https://ow.ly/dapibus/at.json?rutrum=volutpat&nulla=eleifend&tellus=donec&in=ut&sagittis=dolor&dui=morbi&vel=vel&nisl=lectus&duis=in&ac=quam&nibh=fringilla&fusce=rhoncus&lacus=mauris&purus=enim&aliquet=leo&at=rhoncus&feugiat=sed&non=vestibulum&pretium=sit&quis=amet&lectus=cursus&suspendisse=id&potenti=turpis&in=integer&eleifend=aliquet&quam=massa&a=id&odio=lobortis&in=convallis&hac=tortor&habitasse=risus&platea=dapibus&dictumst=augue&maecenas=vel&ut=accumsan&massa=tellus&quis=nisi&augue=eu&luctus=orci&tincidunt=mauris&nulla=lacinia&mollis=sapien&molestie=quis&lorem=libero&quisque=nullam&ut=sit&erat=amet&curabitur=turpis&gravida=elementum&nisi=ligula&at=vehicula&nibh=consequat&in=morbi&hac=a&habitasse=ipsum,aluciant@gizmodo.com,881-532-3729,2003-07-16T00:00:00Z,AD_PRES,24000,,90,20080,,40000,Executive,1700,8089 Johnson Avenue,,US,United States of America,2,Americas
130,113,Rosetta,Terlinden,Ms,https://wikimedia.org/pede/ac/diam/cras/pellentesque/volutpat.aspx?sed=quam&interdum=suspendisse&venenatis=potenti&turpis=nullam&enim=porttitor&blandit=lacus&mi=at&in=turpis&porttitor=donec&pede=posuere&justo=metus&eu=vitae&massa=ipsum&donec=aliquam&dapibus=non&duis=mauris&at=morbi&velit=non&eu=lectus&est=aliquam&congue=sit&elementum=amet&in=diam&hac=in&habitasse=magna&platea=bibendum&dictumst=imperdiet&morbi=nullam&vestibulum=orci&velit=pede&id=venenatis&pretium=non&iaculis=sodales&diam=sed&erat=tincidunt&fermentum=eu&justo=felis&nec=fusce&condimentum=posuere&neque=felis&sapien=sed&placerat=lacus&ante=morbi&nulla=sem&justo=mauris&aliquam=laoreet&quis=ut&turpis=rhoncus&eget=aliquet&elit=pulvinar&sodales=sed&scelerisque=nisl&mauris=nunc&sit=rhoncus&amet=dui&eros=vel&suspendisse=sem&accumsan=sed&tortor=sagittis,rterlindenu@twitpic.com,755-699-8504,2003-07-16T00:00:00Z,AD_PRES,24000,,90,20080,,40000,Executive,1700,28377 Wayridge Street,,US,United States of America,2,Americas
131,113,Ellissa,Denacamp,Rev,http://ted.com/interdum/eu.jsp?semper=eget&sapien=nunc&a=donec&libero=quis&nam=orci&dui=eget&proin=orci&leo=vehicula&odio=condimentum&porttitor=curabitur&id=in&consequat=libero&in=ut&consequat=massa&ut=volutpat&nulla=convallis&sed=morbi&accumsan=odio&felis=odio&ut=elementum&at=eu&dolor=interdum&quis=eu&odio=tincidunt&consequat=in&varius=leo&integer=maecenas&ac=pulvinar&leo=lobortis&pellentesque=est&ultrices=phasellus&mattis=sit&odio=amet&donec=erat&vitae=nulla&nisi=tempus&nam=vivamus&ultrices=in&libero=felis&non=eu&mattis=sapien&pulvinar=cursus&nulla=vestibulum&pede=proin&ullamcorper=eu&augue=mi,edenacampv@dagondesign.com,858-415-7925,2003-07-16T00:00:00Z,AD_PRES,24000,,90,20080,Newfoundland and Labrador,40000,Executive,1700,443 5th Alley,V7X,US,United States of America,2,Americas
132,113,Lorry,Higgoe,Ms,https://noaa.gov/ut/tellus/nulla/ut/erat.html?ac=quam&leo=turpis&pellentesque=adipiscing&ultrices=lorem&mattis=vitae&odio=mattis&donec=nibh&vitae=ligula&nisi=nec&nam=sem&ultrices=duis&libero=aliquam&non=convallis&mattis=nunc&pulvinar=proin&nulla=at&pede=turpis&ullamcorper=a&augue=pede&a=posuere&suscipit=nonummy&nulla=integer&elit=non&ac=velit&nulla=donec&sed=diam&vel=neque&enim=vestibulum&sit=eget&amet=vulputate&nunc=ut&viverra=ultrices&dapibus=vel&nulla=augue&suscipit=vestibulum&ligula=ante&in=ipsum&lacus=primis&curabitur=in&at=faucibus&ipsum=orci&ac=luctus&tellus=et&semper=ultrices&interdum=posuere&mauris=cubilia&ullamcorper=curae&purus=donec&sit=pharetra&amet=magna&nulla=vestibulum&quisque=aliquet&arcu=ultrices&libero=erat&rutrum=tortor&ac=sollicitudin&lobortis=mi&vel=sit&dapibus=amet&at=lobortis&diam=sapien,lhiggoew@java.com,206-471-8611,2003-07-16T00:00:00Z,AD_PRES,24000,,90,20080,,40000,Executive,1700,02 Pond Parkway,,US,United States of America,2,Americas
133,113,Rowen,Ginnety,Rev,http://alexa.com/proin.jpg?elit=non&proin=interdum&risus=in&praesent=ante&lectus=vestibulum&vestibulum=ante&quam=ipsum&sapien=primis&varius=in&ut=faucibus&blandit=orci&non=luctus&interdum=et&in=ultrices&ante=posuere&vestibulum=cubilia&ante=curae&ipsum=duis&primis=faucibus&in=accumsan&faucibus=odio&orci=curabitur&luctus=convallis&et=duis&ultrices=consequat&posuere=dui&cubilia=nec&curae=nisi&duis=volutpat&faucibus=eleifend,rginnetyx@mashable.com,879-263-8345,2003-07-16T00:00:00Z,AD_PRES,24000,,90,20080,,40000,Executive,1700,1 Karstens Parkway,,US,United States of America,2,Americas
134,113,Cathlene,Padley,Mr,http://edublogs.org/at/turpis/donec/posuere.aspx?dui=quis&nec=tortor&nisi=id&volutpat=nulla&eleifend=ultrices&donec=aliquet&ut=maecenas&dolor=leo&morbi=odio&vel=condimentum&lectus=id&in=luctus&quam=nec&fringilla=molestie&rhoncus=sed&mauris=justo&enim=pellentesque&leo=viverra&rhoncus=pede&sed=ac&vestibulum=diam&sit=cras&amet=pellentesque&cursus=volutpat&id=dui&turpis=maecenas&integer=tristique&aliquet=est&massa=et&id=tempus&lobortis=semper&convallis=est&tortor=quam&risus=pharetra&dapibus=magna&augue=ac&vel=consequat&accumsan=metus&tellus=sapien&nisi=ut&eu=nunc&orci=vestibulum&mauris=ante&lacinia=ipsum&sapien=primis&quis=in&libero=faucibus&nullam=orci&sit=luctus&amet=et&turpis=ultrices&elementum=posuere&ligula=cubilia&vehicula=curae&consequat=mauris&morbi=viverra&a=diam&ipsum=vitae&integer=quam&a=suspendisse&nibh=potenti&in=nullam&quis=porttitor&justo=lacus&maecenas=at&rhoncus=turpis&aliquam=donec&lacus=posuere&morbi=metus&quis=vitae&tortor=ipsum&id=aliquam&nulla=non&ultrices=mauris&aliquet=morbi&maecenas=non&leo=lectus&odio=aliquam&condimentum=sit&id=amet&luctus=diam&nec=in&molestie=magna&sed=bibendum&justo=imperdiet&pellentesque=nullam&viverra=orci&pede=pede&ac=venenatis&diam=non&cras=sodales&pellentesque=sed&volutpat=tincidunt&dui=eu&maecenas=felis&tristique=fusce&est=posuere,cpadleyy@mysql.com,833-721-8238,2003-07-16T00:00:00Z,AD_PRES,24000,,90,20080,Provence-Alpes-Côte d'Azur,40000,Executive,1700,060 Briar Crest Terrace,13681 CEDEX,US,United States of America,2,Americas
135,113,Goddart,Latter,Honorable,https://wired.com/luctus/et/ultrices/posuere/cubilia/curae/nulla.html?volutpat=commodo&sapien=placerat&arcu=praesent&sed=blandit&augue=nam&aliquam=nulla&erat=integer&volutpat=pede&in=justo&congue=lacinia&etiam=eget&justo=tincidunt&etiam=eget&pretium=tempus&iaculis=vel&justo=pede&in=morbi&hac=porttitor&habitasse=lorem&platea=id&dictumst=ligula&etiam=suspendisse&faucibus=ornare&cursus=consequat&urna=lectus&ut=in&tellus=est&nulla=risus&ut=auctor&erat=sed&id=tristique&mauris=in&vulputate=tempus&elementum=sit&nullam=amet&varius=sem&nulla=fusce&facilisi=consequat&cras=nulla&non=nisl&velit=nunc&nec=nisl&nisi=duis&vulputate=bibendum&nonummy=felis&maecenas=sed&tincidunt=interdum&lacus=venenatis&at=turpis&velit=enim&vivamus=blandit&vel=mi&nulla=in&eget=porttitor&eros=pede&elementum=justo&pellentesque=eu&quisque=massa&porta=donec&volutpat=dapibus&erat=duis&quisque=at&erat=velit&eros=eu&viverra=est&eget=congue&congue=elementum&eget=in&semper=hac&rutrum=habitasse&nulla=platea&nunc=dictumst&purus=morbi&phasellus=vestibulum&in=velit&felis=id&donec=pretium&semper=iaculis&sapien=diam&a=erat&libero=fermentum&nam=justo&dui=nec&proin=condimentum&leo=neque&odio=sapien&porttitor=placerat&id=ante&consequat=nulla,glatterz@miitbeian.gov.cn,631-766-7796,2003-07-16T00:00:00Z,AD_PRES,24000,,90,20080,Skåne,40000,Executive,1700,62 Garrison Lane,250 06,US,United States of America,2,Americas
136,114,Alain,Bison,Mr,http://japanpost.jp/id/ornare/imperdiet/sapien/urna/pretium.jsp?posuere=aliquam&felis=convallis&sed=nunc&lacus=proin&morbi=at&sem=turpis&mauris=a&laoreet=pede&ut=posuere&rhoncus=nonummy&aliquet=integer&pulvinar=non&sed=velit&nisl=donec&nunc=diam&rhoncus=neque&dui=vestibulum&vel=eget&sem=vulputate&sed=ut&sagittis=ultrices&nam=vel&congue=augue&risus=vestibulum&semper=ante&porta=ipsum&volutpat=primis&quam=in&pede=faucibus&lobortis=orci&ligula=luctus&sit=et&amet=ultrices&eleifend=posuere&pede=cubilia&libero=curae&quis=donec&orci=pharetra&nullam=magna&molestie=vestibulum&nibh=aliquet&in=ultrices&lectus=erat&pellentesque=tortor&at=sollicitudin&nulla=mi&suspendisse=sit&potenti=amet&cras=lobortis&in=sapien&purus=sapien&eu=non&magna=mi&vulputate=integer&luctus=ac&cum=neque&sociis=duis&natoque=bibendum&penatibus=morbi&et=non&magnis=quam&dis=nec&parturient=dui&montes=luctus&nascetur=rutrum&ridiculus=nulla&mus=tellus&vivamus=in&vestibulum=sagittis&sagittis=dui&sapien=vel&cum=nisl&sociis=duis&natoque=ac&penatibus=nibh&et=fusce&magnis=lacus&dis=purus&parturient=aliquet&montes=at&nascetur=feugiat&ridiculus=non&mus=pretium&etiam=quis&vel=lectus&augue=suspendisse&vestibulum=potenti&rutrum=in&rutrum=eleifend&neque=quam&aenean=a&auctor=odio&gravida=in&sem=hac&praesent=habitasse&id=platea&massa=dictumst&id=maecenas&nisl=ut,abison10@wiley.com,115-709-7017,2003-07-16T00:00:00Z,AD_PRES,24000,,90,20080,,40000,Executive,1700,047 Marquette Avenue,33150,US,United States of America,2,Americas
137,114,Zeke,Hixley,Rev,https://github.io/posuere/nonummy/integer.json?ultrices=maecenas&aliquet=ut&maecenas=massa&leo=quis&odio=augue&condimentum=luctus&id=tincidunt&luctus=nulla&nec=mollis&molestie=molestie&sed=lorem&justo=quisque&pellentesque=ut&viverra=erat&pede=curabitur&ac=gravida&diam=nisi&cras=at&pellentesque=nibh&volutpat=in&dui=hac&maecenas=habitasse&tristique=platea&est=dictumst,zhixley11@boston.com,482-268-3725,2003-07-16T00:00:00Z,AD_PRES,24000,,90,20080,,40000,Executive,1700,33745 Burning Wood Junction,,US,United States of America,2,Americas
138,114,Tim,Kiltie,Mr,http://walmart.com/vestibulum/vestibulum/ante/ipsum/primis/in/faucibus.js?ut=neque&odio=sapien&cras=placerat&mi=ante&pede=nulla&malesuada=justo&in=aliquam&imperdiet=quis&et=turpis&commodo=eget&vulputate=elit&justo=sodales&in=scelerisque&blandit=mauris&ultrices=sit&enim=amet&lorem=eros&ipsum=suspendisse&dolor=accumsan&sit=tortor&amet=quis&consectetuer=turpis&adipiscing=sed&elit=ante&proin=vivamus&interdum=tortor&mauris=duis&non=mattis&ligula=egestas&pellentesque=metus&ultrices=aenean&phasellus=fermentum&id=donec&sapien=ut&in=mauris&sapien=eget&iaculis=massa&congue=tempor,tkiltie12@ucoz.ru,703-751-4181,2003-07-16T00:00:00Z,AD_PRES,24000,,90,20080,,40000,Executive,1700,7602 Mcbride Court,,US,United States of America,2,Americas
139,114,Harriet,Petrulis,Rev,http://quantcast.com/luctus/ultricies/eu/nibh/quisque/id/justo.jsp?in=morbi&libero=a&ut=ipsum&massa=integer&volutpat=a&convallis=nibh&morbi=in&odio=quis&odio=justo&elementum=maecenas&eu=rhoncus,hpetrulis13@noaa.gov,426-516-8192,2003-07-16T00:00:00Z,AD_PRES,24000,,90,20080,,40000,Executive,1700,7918 Maple Lane,MD-3714,US,United States of America,2,Americas
140,114,Annelise,Crighten,Mrs,http://jiathis.com/libero/convallis.aspx?tincidunt=non&eu=sodales&felis=sed&fusce=tincidunt&posuere=eu&felis=felis&sed=fusce&lacus=posuere&morbi=felis&sem=sed&mauris=lacus&laoreet=morbi&ut=sem&rhoncus=mauris&aliquet=laoreet&pulvinar=ut&sed=rhoncus&nisl=aliquet&nunc=pulvinar&rhoncus=sed&dui=nisl&vel=nunc&sem=rhoncus&sed=dui&sagittis=vel&nam=sem&congue=sed&risus=sagittis&semper=nam&porta=congue&volutpat=risus&quam=semper&pede=porta&lobortis=volutpat&ligula=quam&sit=pede&amet=lobortis&eleifend=ligula&pede=sit&libero=amet&quis=eleifend&orci=pede&nullam=libero&molestie=quis&nibh=orci&in=nullam&lectus=molestie&pellentesque=nibh&at=in&nulla=lectus&suspendisse=pellentesque&potenti=at&cras=nulla&in=suspendisse&purus=potenti&eu=cras&magna=in&vulputate=purus&luctus=eu&cum=magna&sociis=vulputate&natoque=luctus&penatibus=cum&et=sociis&magnis=natoque&dis=penatibus&parturient=et&montes=magnis&nascetur=dis,acrighten14@sohu.com,239-755-4153,2003-07-16T00:00:00Z,AD_PRES,24000,,90,20080,,40000,Executive,1700,78 Miller Point,5214,US,United States of America,2,Americas
